RUN,PLNSGAII,DEBNSGAII,NSGAII,NSGA-III,MOEAD,SCHMIEDLE
1.0,0.12651743216100883,0.12466407709996581,0.5169686749440688,0.5362418551242372,0.6596952175754449,0.11973568368882902
2.0,0.12707268642233513,0.12545126690656228,0.5140483055412265,0.5331940916704799,0.6551535747942239,0.14610465543617074
3.0,0.12800776080939683,0.13456758360396867,0.4983746076688789,0.5184218298885652,0.6384049414255196,0.26289894830276755
4.0,0.13038252222964228,0.12917215913531552,0.5052581380537932,0.5251263059530583,0.6441695461596837,0.31841488771998716
